Id,Naslov,Opis,Cena,Kategorija
ID Oglasa: #17474510,Patroni/stikovi ulozak za pistolj plasticni 7.2 i 11mm,"{'file1': 'Patroni stikovi za pistolj za plastiku, u ponudi od. .\n.7.2mm/25cm. .manji. . . . . . .20din\n.11mm/25cm. . .veci. .. . . . . . .25din\nID Oglasa: #17474510\nPrijavi', 'file2': 'Patroni stikovi za pistolj za plastiku, u ponudi od. .\n● 7.2 mm. . . . . . . .20 din\n● 11 mm. . . . . . . .25 din\nID Oglasa: #17474510\nPrijavi'}",,
ID Oglasa: #17537011,Valjci za krecenje VELUR-SUNDJER/setovi,"{'file1': 'Setovi za krecenje kao i ulosci posebno,\n.\n. mali ulozak 10cm velur . . . . . . . . .20 din\n. mali ulozak 10cm sundjer. . . . . . .20 din\n. set manji 10cm 5+1 velur. . . . .   230 din\n. set manji 10cm 5+1 sundjer. . . . .230 din\n. set veci 25cm. . . . . . . . . . . . . . . . . . . .230 din\n\n\nID Oglasa: #17537011\nPrijavi', 'file2': 'Setovi za krecenje kao i ulosci posebno,\n.\n. mali ulozak 10cm velur . . . . . . . . .19 din\n. mali ulozak 10cm sundjer. . . . . . .19 din\n. set manji 10cm 5+1 velur. . . . .   220 din\n. set manji 10cm 5+1 sundjer. . . . 220 din\n. set veci 25cm. . . . . . . . . . . . . . . . . . . .220 din\n\n\nID Oglasa: #17537011\nPrijavi'}","{'file1': '20 din\nZamena moguća', 'file2': '19 din\nZamena moguća'}",
ID Oglasa: #17480244,Super lepak 502 5grama,,"{'file1': '30 din\nZamena moguća', 'file2': '29 din\nZamena moguća'}",
ID Oglasa: #141144854,Dihtung traka za prozore/vrata gumirana D tip 34din metar,"{'file1': 'Metar 34 din. . . . kotur 1700 din\nDimenzija trake :\nŠirina 9mm x Debljina 7.5mm\nCena trake data za 1 dupli metar ( 1 m =2 m trake)\nKada poručujete imajte na umu da poručivanjem 50m dobijate dupliranu traku koju razdvajanjem dobijate 100m\nPRODAJEMO ISKLJUCIVO NA KOTUR, kada pretvorite u metar izadje Vam po ceni od 34din. . . . veoma povoljno\nCENA ZA PAKOVANJE 50m. . . .1700din\nNA STANJU BELA I BRAON\n ID Oglasa: #141144854\nPrijavi', 'file2': 'Metar 37 din. . . . kotur 1850 din\nDimenzija trake :\nŠirina 9mm x Debljina 7.5mm\nCena trake data za 1 dupli metar ( 1 m =2 m trake)\nKada poručujete imajte na umu da poručivanjem 50m dobijate dupliranu traku koju razdvajanjem dobijate 100m\nPRODAJEMO ISKLJUCIVO NA KOTUR, kada pretvorite u metar izadje Vam po ceni od 37din. . . . veoma povoljno\nCENA ZA PAKOVANJE 50m. . . .1850din\nNA STANJU BELA I BRAON\n ID Oglasa: #141144854\nPrijavi'}","{'file1': '34 din\nZamena moguća', 'file2': '37 din'}",
ID Oglasa: #17501573,Skalpeli 9mm/18mm-ulosci skalpela,"{'file1': 'Skalpeli za svakodnevnu upotrebu sa sečivom, plasticno telo, kočnica za blokiranje klizanja, u ponudi i sečiva\n\n. skalpel manji/sečivo 9mm. . . . . .40din\n. skalpel veći/sečivo 18mm. . . . . .50din\n. set sečiva 10kom od 9mm. . . . . .70din\n. set sečiva 10kom od 18mm. . . . .70din\nID Oglasa: #17501573\nPrijavi', 'file2': 'Skalpeli za svakodnevnu upotrebu sa sečivom, plasticno telo, kočnica za blokiranje klizanja, u ponudi i sečiva\n\n● skalpel manji/sečivo 9mm. . . . . .50din\n● skalpel veći/sečivo 18mm. . . . . .60din\n● set sečiva 10kom od 9mm. . . . . .70din\n● set sečiva 10kom od 18mm. . . . .70din\nID Oglasa: #17501573\nPrijavi'}","{'file1': '40 din\nZamena moguća', 'file2': '50 din\nZamena moguća'}",
ID Oglasa: #124196664,Kesa za set obavezne opreme prve pomoci za auto 500x270,,,"{'file1': 'Automobili | Oprema\n>\nObavezna oprema', 'file2': 'Auto oprema\n>\nObavezna oprema'}"
ID Oglasa: #86711203,Diht sundjer traka za prozore i vrata 5 metra/2x2.5m,,"{'file1': '50 din', 'file2': '45 din'}",
ID Oglasa: #132190965,Drzaci stakla za plafonjere,,"{'file1': '50 din\nZamena moguća', 'file2': '100 din\nZamena moguća'}",
ID Oglasa: #51031314,Brusna ploca lamelna FLUP 115x22mm,,"{'file1': '60 din\nZamena moguća', 'file2': '80 din\nZamena moguća'}",
ID Oglasa: #51856039,Brusne ploce smirgla FLUP DISC 115x22mm,"{'file1': 'Odlicne brusne ploce. . . smirgle. . za ciscenje metala, drveta i ostalo. . . . dimenzija 115x22mm. . u ponudi granulacija\n\n40. . . . . najgrublja\n60\n80. .. .. .. srednja granulacija\n100\n120. .. . najfinija\n\n\nID Oglasa: #51856039\nPrijavi', 'file2': 'Odlicne brusne ploce. . . smirgle. . za ciscenje metala, drveta i ostalo. . . . dimenzija 115x22mm. . u ponudi granulacija\n\n40. . . . . najgrublja\n60\n80. . . . . . . srednja granulacija\n100\n120. . . . najfinija\n\n\nID Oglasa: #51856039\nPrijavi'}","{'file1': '60 din\nZamena moguća', 'file2': '80 din\nZamena moguća'}",
ID Oglasa: #134543701,Osiguraci cilindricni za auto keramicki 10kom,,,"{'file1': 'Automobili | Delovi i alati\n>\nAuto | Elektrika', 'file2': 'Auto delovi i alati\n>\nAuto | Elektrika'}"
ID Oglasa: #134543789,Auto osiguraci ubodni MINI set 10kom,,,"{'file1': 'Automobili | Delovi i alati\n>\nAuto | Elektrika', 'file2': 'Auto delovi i alati\n>\nAuto | Elektrika'}"
ID Oglasa: #134543911,Osiguraci standardni ubodni za auto set 10kom,,,"{'file1': 'Automobili | Delovi i alati\n>\nAuto | Elektrika', 'file2': 'Auto delovi i alati\n>\nAuto | Elektrika'}"
ID Oglasa: #114941247,Osiguraci stakleni od 6V do 24V 5x30,,,"{'file1': 'Automobili | Delovi i alati\n>\nAuto | Elektrika', 'file2': 'Auto delovi i alati\n>\nAuto | Elektrika'}"
ID Oglasa: #38978163,kleme za akumulator,,,"{'file1': 'Automobili | Delovi i alati\n>\nAuto | Akumulatori i punjači', 'file2': 'Auto delovi i alati\n>\nAuto | Akumulatori i punjači'}"
ID Oglasa: #155659369,Levak za gorivo,,,"{'file1': 'Automobili | Oprema\n>\nObavezna oprema', 'file2': 'Auto oprema\n>\nObavezna oprema'}"
ID Oglasa: #160853681,"Glicerin za kedere,brave i vrata auta 30 ml i 50 ml",,,"{'file1': 'Automobili | Oprema\n>\nKozmetika za auto', 'file2': 'Auto oprema\n>\nKozmetika za auto'}"
ID Oglasa: #36220162,Merna traka/metar gumirani NAKASHIMA 3m/5m,"{'file1': 'metar zidarski, gradjevinski, za majstore. . . . telo termoplastika plus gumirana spolja, namagnetisan vrh merne trake, fiksna kocnica, u ponudi\n\n3 metra - - - 130 din\n5 metra - - - 150 din\n. sirina merne trake 19mm\n\n\nID Oglasa: #36220162\nPrijavi', 'file2': 'metar zidarski, gradjevinski, za majstore. . . . telo termoplastika plus gumirana spolja, namagnetisan vrh merne trake, fiksna kocnica, u ponudi\n\n● 3 metra - - - 130 din\n● 5 metra - - - 150 din\n■ širina merne trake 19mm\n\n\nID Oglasa: #36220162\nPrijavi'}",,
ID Oglasa: #41441550,Fluorescentni prsluk,,,"{'file1': 'Automobili | Oprema\n>\nObavezna oprema', 'file2': 'Auto oprema\n>\nObavezna oprema'}"
ID Oglasa: #82770632,Usb kabl pleteni MICRO prikljucak,,"{'file1': '150 din\nZamena moguća', 'file2': '130 din\nZamena moguća'}",
ID Oglasa: #82771297,FAST CHARGE USB kabl micro C prikljucak,,"{'file1': '150 din\nZamena moguća', 'file2': '130 din\nZamena moguća'}",
ID Oglasa: #86163884,T ključevi 9/11/12/14/16/18 RASPRODAJA,,,"{'file1': 'Automobili | Delovi i alati\n>\nAlati i oprema za autoservise', 'file2': 'Auto delovi i alati\n>\nAlati i oprema za autoservise'}"
ID Oglasa: #106969469,Dugme TA peći sa podloškom,"{'file1': 'Dugme TA peći. . . ide sa limčićem\nID Oglasa: #106969469\nPrijavi', 'file2': 'Opis:\nDugme termostata za termoakumulacionu peć AEG – Magnohrom Kraljevo.\nID Oglasa: #106969469\nPrijavi'}",,
ID Oglasa: #112071757,FAST CHARGE USB kabl mikro prikljucak,,"{'file1': '150 din\nZamena moguća', 'file2': '130 din\nZamena moguća'}",
ID Oglasa: #169805405,Četke za čišćenje set 2kom 230mm,,,"{'file1': 'Usluge | Kuća i dvorište\n>\nČišćenje i dubinsko pranje', 'file2': 'Alati i oruđa\n>\nZa pranje i čišćenje'}"
ID Oglasa: #57559605,Kleme za akumulator,,,"{'file1': 'Automobili | Delovi i alati\n>\nAuto | Akumulatori i punjači', 'file2': 'Auto delovi i alati\n>\nAuto | Akumulatori i punjači'}"
ID Oglasa: #111096291,Celicna cetka tip 1,,"{'file1': '160 din\nZamena moguća', 'file2': '140 din\nZamena moguća'}",
ID Oglasa: #146069375,Laznjak za pojas,,,"{'file1': 'Automobili | Oprema\n>\nStyling i tuning', 'file2': 'Auto oprema\n>\nStyling i tuning'}"
ID Oglasa: #164597113,Detailing četka 200 mm CARSUN,,,"{'file1': 'Automobili | Oprema\n>\nKozmetika za auto', 'file2': 'Auto oprema\n>\nKozmetika za auto'}"
ID Oglasa: #26276414,"Kabl za lampe,aparate itd sa prekidacem i prikljucnicom","{'file1': 'kabal 0.75mm od 1.5m sa medjugajtanskim prekidacem za lampe, razne aparate i uredjaje. . . . . cena 180din po komadu\nID Oglasa: #26276414\nPrijavi', 'file2': 'kabal 0.75mm od 1.5m sa medjugajtanskim prekidacem za lampe, razne aparate i uredjaje. . . . . cena 180din po komadu\n  Crna boja kabla trenutno na stanju\nID Oglasa: #26276414\nPrijavi'}",,
ID Oglasa: #36218830,Led treptac za BAJS 2kom AKCIJA,,"{'file1': '180 din\nZamena moguća', 'file2': '200 din\nZamena moguća'}",
ID Oglasa: #134429380,Gliste za krpljenje guma TEKIN 10kom,,,"{'file1': 'Automobili | Delovi i alati\n>\nAuto | Gume', 'file2': 'Auto delovi i alati\n>\nAuto | Gume'}"
ID Oglasa: #18630456,Pistolj za topljenje plastike 20w,,"{'file1': '190 din\nZamena moguća', 'file2': '250 din\nZamena moguća'}",
ID Oglasa: #30915624,Silikonski lepak 85gr,,,"{'file1': 'Automobili | Delovi i alati\n>\nAlati i oprema za autoservise', 'file2': 'Auto delovi i alati\n>\nAlati i oprema za autoservise'}"
ID Oglasa: #86739803,Set za krpljenje i čepovanje tubeles guma i čepovi,,,"{'file1': 'Automobili | Oprema\n>\nKozmetika za auto', 'file2': 'Auto oprema\n>\nKozmetika za auto'}"
ID Oglasa: #130453619,Probna lampa/ispitivač za auto 12v metalni,,,"{'file1': 'Automobili | Delovi i alati\n>\nAuto | Elektrika', 'file2': 'Auto delovi i alati\n>\nAuto | Elektrika'}"
ID Oglasa: #111559413,Euro dzek ISO 2 za auto radio,,,"{'file1': 'Automobili | Oprema\n>\nRadio/CD/DVD za auto | Delovi', 'file2': 'Auto oprema\n>\nRadio/CD/DVD za auto | Delovi'}"
ID Oglasa: #111559617,Euro dzek za auto radio univerzalni ISO 1,,,"{'file1': 'Automobili | Oprema\n>\nRadio/CD/DVD za auto | Delovi', 'file2': 'Auto oprema\n>\nRadio/CD/DVD za auto | Delovi'}"
ID Oglasa: #17472797,Klema varilacka za masu 300a/500a,"{'file1': 'Metalne kleme za masu/varenje\n. manja klema jacine 300A. . . . . . . . .200 dinara,\n. veca klema jacine 500A. . . . . . . . . . . 270 dinara. . . . . jake, metalne. . . . .  \nID Oglasa: #17472797\nPrijavi', 'file2': 'Metalne klešte/kleme za masu/varenje\n. manja klema jacine 300A. . . . . . . . .200 dinara,\n. veca klema jacine 500A. . . . . . . . . . . 270 dinara. . . . . jake, metalne. . . . .  \nID Oglasa: #17472797\nPrijavi'}",,
ID Oglasa: #69758601,Led lampa za glavu COB 10W BATERIJE GRATIS,"{'file1': 'Na akciji led lampa za glavu jacine 10w. . . extra jaka za lovce, ribolovce, majstore itd. . . . idu u kompletu sa 3 AAA baterije. . . . AKCIJA DO ISTEKA ZALIHA\nID Oglasa: #69758601\nPrijavi', 'file2': 'Na akciji led lampa za glavu jacine 10w. . . extra jaka za lovce, ribolovce, majstore itd. . . . idu u kompletu sa 3 AAA baterije GRATIS . . .  \n  > jacina 10w\n> lumen 120 lm\n> izvor svetlosti COB\n> dimenzija 57,8 x 40,6 x17,1 mm\n> baterija 3x AAA. .. .idu GRATIS\n> rezim rada. .. jako svetlo, slabo svetlo, blic, iskljuceno\nID Oglasa: #69758601\nPrijavi'}",,
ID Oglasa: #86713443,Emulzija za sjaj guma 0.3kg,,,"{'file1': 'Automobili | Oprema\n>\nKozmetika za auto', 'file2': 'Auto oprema\n>\nKozmetika za auto'}"
ID Oglasa: #166134385,"Nož za rendanje kupusa,sir,otvarač NERŽ","{'file1': 'Metalni nož za rendanje kupusa, sira, otvarač za konzervu, običan nož, duzina 250mm, duzina ostrice 155mm. .NOVO\nID Oglasa: #166134385\nPrijavi', 'file2': 'Metalni nož za rendanje kupusa, sira, otvarač za konzervu, običan nož, duzina 250mm, duzina ostrice 155mm. .\n  NOVO U ORIGINALNOM PAKOVANJU\nID Oglasa: #166134385\nPrijavi'}",,
ID Oglasa: #18629708,Magnet teleskopski/hvataljka 600mm,,"{'file1': '230 din\nZamena moguća', 'file2': '200 din\nZamena moguća'}",
ID Oglasa: #129875402,Fix It Pro-flomaster olovka za uklanjanje ogrebotina,,,"{'file1': 'Automobili | Oprema\n>\nKozmetika za auto', 'file2': 'Auto oprema\n>\nKozmetika za auto'}"
ID Oglasa: #141619015,Nastavak za antenu 24cm/40cm,,,"{'file1': 'Automobili | Oprema\n>\nOstalo', 'file2': 'Auto oprema\n>\nOstalo'}"
ID Oglasa: #86713409,Silikonsko mleko za instrument tablu 0.33l,,,"{'file1': 'Automobili | Oprema\n>\nKozmetika za auto', 'file2': 'Auto oprema\n>\nKozmetika za auto'}"
ID Oglasa: #109563901,Merač pritiska u gumama tip 1,,,"{'file1': 'Automobili | Delovi i alati\n>\nAuto | Gume', 'file2': 'Auto delovi i alati\n>\nAuto | Gume'}"
ID Oglasa: #82766736,Auto upaljac,,,"{'file1': 'Automobili | Delovi i alati\n>\nAuto | Elektrika', 'file2': 'Auto delovi i alati\n>\nAuto | Elektrika'}"
ID Oglasa: #148783486,Držač telefona/navigacije na volanu automobila,,,"{'file1': 'Automobili | Oprema\n>\nDržači za mobilne i tablete', 'file2': 'Auto oprema\n>\nDržači za mobilne i tablete'}"
ID Oglasa: #152301559,Glava za trimer/više modela,"{'file1': 'Glave za trimer razliciti modeli, M10 x 1.25 levi navoj, u ponudi pod rexnim brojem,\n  . broj 1 plasticna glava. . . . . . . . . . . . . . . . . . . . . . . . . . . . . . . . . . . . . . . . . . .250 din,\n. broj 2 automatik samonamotavajuci GARDEN. . . . . . . . . . . . . . 650 din\n. broj 3 nindza blejd 6 noža. . . . . . . . . . . . . . . . . . . . . . . . . . . . . . . . . . . . . .580 din\n. broj 4 glava sa lancem. . . . . . . . . . . . . . . . . . . . . . . . . . . . . . . . . . . . . . . . . .690 din\n  Standardni za sve trimere sa navojem M10 levi navoj\n ID Oglasa: #152301559\nPrijavi', 'file2': 'Glave za trimer razliciti modeli, M10 x 1.25 levi navoj, u ponudi pod rexnim brojem,\n  . broj 1 plasticna glava. . . . . . . . . . . . . . . . . . . . . . . . . . . . . . . . . . . . . . . . . . .250 din,\n. broj 2 automatik samonamotavajuci GARDEN. . . . . . . . . . . . . . 650 din\n. broj 3 nindza blejd 6 noža. . . . . . . . . . . . . . . . . . . . . . . . . . . . . . . . . . . . . .570 din\n. broj 4 glava sa lancem. . . . . . . . . . . . . . . . . . . . . . . . . . . . . . . . . . . . . . . . . .690 din\n  Standardni za sve trimere sa navojem M10 levi navoj\n ID Oglasa: #152301559\nPrijavi'}",,
ID Oglasa: #160437581,Klešta za prespoj akumulatora 600a ALIGATOR,,,"{'file1': 'Automobili | Delovi i alati\n>\nAuto | Akumulatori i punjači', 'file2': 'Auto delovi i alati\n>\nAuto | Akumulatori i punjači'}"
ID Oglasa: #161410018,Teleskop sa ogledalom 165-482 mm,,,"{'file1': 'Automobili | Delovi i alati\n>\nAlati i oprema za autoservise', 'file2': 'Auto delovi i alati\n>\nAlati i oprema za autoservise'}"
ID Oglasa: #166133442,Univerzalni ključ za brusilice,,"{'file1': '250 din', 'file2': '230 din'}",
ID Oglasa: #167969695,Magnetni drzac za telefon AIR VENT na ventilaciju,,,"{'file1': 'Automobili | Oprema\n>\nDržači za mobilne i tablete', 'file2': 'Auto oprema\n>\nDržači za mobilne i tablete'}"
ID Oglasa: #157336815,Plinski/gasni brener ručni GM-011,,"{'file1': '270 din', 'file2': '280 din'}",
ID Oglasa: #39249319,Komplet sijalica za auto H4/H7,,,"{'file1': 'Automobili | Delovi i alati\n>\nAuto | Potrošni materijali za servis', 'file2': 'Auto delovi i alati\n>\nAuto | Potrošni materijali za servis'}"
ID Oglasa: #41203052,Sundjer za poliranje 125/150/180mm M14 prihvat,,,"{'file1': 'Automobili | Delovi i alati\n>\nAlati i oprema za autoservise', 'file2': 'Auto delovi i alati\n>\nAlati i oprema za autoservise'}"
ID Oglasa: #104683540,Termofor 27x18cm,,"{'file1': '280 din\nZamena moguća', 'file2': '240 din\nZamena moguća'}",
ID Oglasa: #140489165,Drzac telefona za auto na ventilaciji MECHANICAL ERA clip,,,"{'file1': 'Automobili | Oprema\n>\nDržači za mobilne i tablete', 'file2': 'Auto oprema\n>\nDržači za mobilne i tablete'}"
ID Oglasa: #17474559,Burgije za drvo set 8kom 3/10mm,"{'file1': 'odlican set burgija za drvo, velicina burgija 3,4,5,6,7,8,9,10. . . . . . veliki izbor sitnog alata\nID Oglasa: #17474559\nPrijavi', 'file2': 'odlican set burgija za drvo, velicina burgija 3,4,5,6,7,8,9,10. . . . . .  \nID Oglasa: #17474559\nPrijavi'}","{'file1': '300 din\nZamena moguća', 'file2': '260 din\nZamena moguća'}",
ID Oglasa: #86705419,PHILIPS halogena sijalica H4/H7,,,"{'file1': 'Automobili | Delovi i alati\n>\nAuto | Potrošni materijali za servis', 'file2': 'Auto delovi i alati\n>\nAuto | Potrošni materijali za servis'}"
ID Oglasa: #89931462,Klesta/stipaljke za prespoj akumulatora 800a-par 300din,,,"{'file1': 'Automobili | Delovi i alati\n>\nAuto | Akumulatori i punjači', 'file2': 'Auto delovi i alati\n>\nAuto | Akumulatori i punjači'}"
ID Oglasa: #123276720,Torba za prvu pomoć,,,"{'file1': 'Automobili | Oprema\n>\nObavezna oprema', 'file2': 'Auto oprema\n>\nObavezna oprema'}"
ID Oglasa: #39518392,Traka kanap za vucu 3 tone/duzina 3 metra,,,"{'file1': 'Automobili | Oprema\n>\nObavezna oprema', 'file2': 'Auto oprema\n>\nObavezna oprema'}"
ID Oglasa: #134130377,Bastenske rukavice Garden Genie Gloves,,"{'file1': '340 din\nZamena moguća', 'file2': '240 din\nZamena moguća'}",
ID Oglasa: #137972600,Nosač telefona/navigacije sa kačenjem na retrovizor auta,,"{'file1': '340 din\nZamena moguća', 'file2': '400 din\nZamena moguća'}","{'file1': 'Automobili | Oprema\n>\nDržači za mobilne i tablete', 'file2': 'Auto oprema\n>\nDržači za mobilne i tablete'}"
ID Oglasa: #17501376,Lupa profesionalna x6 uvećanje 60/75mm,"{'file1': 'Jacina lupa x6. . . . u ponudi dve velicine,\n60mm---350 din \n75mm---400 din\njake, metalna drska i okvir. . . .\nID Oglasa: #17501376\nPrijavi', 'file2': 'Jacina lupa x6. . . . u ponudi dve velicine,\n60mm---370 din \n75mm---440 din\njake, metalna drska i okvir. . . .\nID Oglasa: #17501376\nPrijavi'}","{'file1': '350 din\nZamena moguća', 'file2': '370 din\nZamena moguća'}",
ID Oglasa: #33655476,Kljuc/lanac za skidanje filtera METALNI,"{'file1': 'za automehanicare neophodan alat za skidanje filtera itd. . . . . metalni, jak, stelujuci. . .\nID Oglasa: #33655476\nPrijavi', 'file2': 'za automehanicare neophodan alat za skidanje filtera itd. . . . . metalni, jak, stelujuci. . .\n  Ključ za filter ulja sa lancem služi za odvijanje i zavijanje filtera na motoru na različitim putničkim vozilima, ključ za filter ulja sa lancem izrađen je od kvalitetnog čelika.\n\nSPECIFIKACIJA PROIZVODA:\nMaterijal: Čelik\nDužina ručke: 200mm\nCela dužina: 400mm\nID Oglasa: #33655476\nPrijavi'}","{'file1': '350 din\nZamena moguća', 'file2': '380 din'}",
ID Oglasa: #115562522,Gejmerski opticki mis led osvetljenje RGB,"{'file1': 'Nov opticki led gejmerski mis sa RGB osvetljenjem, opticki senzor, visoka rezolucija 1600 dpi, ergonomski dizajn\nID Oglasa: #115562522\nPrijavi', 'file2': 'Nov opticki led gejmerski mis sa RGB osvetljenjem, opticki senzor, visoka rezolucija 3000 dpi, ergonomski dizajn\nID Oglasa: #115562522\nPrijavi'}",,
ID Oglasa: #133518069,Polir pasta za uklanjanje ogrebotina na autu MC308,,"{'file1': '350 din\nZamena moguća', 'file2': '330 din\nZamena moguća'}","{'file1': 'Automobili | Oprema\n>\nKozmetika za auto', 'file2': 'Auto oprema\n>\nKozmetika za auto'}"
ID Oglasa: #141653768,Pistolj za topljenje plastike SL 40/60w,"{'file1': 'Pistolj za topljenje plastike,220v, koristi municiju 11mm, idu sa dva štapića dužine 70mm, u ponudi,\n.40w. .. .. .350din\n.60w. .. .. .450din\nID Oglasa: #141653768\nPrijavi', 'file2': 'Pistolj za topljenje plastike,220v, koristi municiju 11mm, idu sa dva štapića dužine 70mm, u ponudi,\n.40w. . . . . .450din\n.60w. . . . . .550din\nID Oglasa: #141653768\nPrijavi'}",,
ID Oglasa: #144062321,Pištolj za silikon Yelow,"{'file1': 'Odlican jak metalni pistolj za silikon, cela konstrukcika od metala\nID Oglasa: #144062321\nPrijavi', 'file2': 'Odlican jak metalni pistolj za silikon, lepkove. .. cela konstrukcija od metala\nID Oglasa: #144062321\nPrijavi'}",,
ID Oglasa: #161408533,Alat za skidanje zabica i klamerica 200mm,,,"{'file1': 'Automobili | Delovi i alati\n>\nAlati i oprema za autoservise', 'file2': 'Auto delovi i alati\n>\nAlati i oprema za autoservise'}"
ID Oglasa: #114526565,Rezna ploca disk sa lancem cirkular 115/125mm,"{'file1': 'Rezna ploca sa lancem za sečenje, prosecanje i karving, u ponudi od \n\n.115mm. . . . .380 din\n.125mm. . . . .450 din\nID Oglasa: #114526565\nPrijavi', 'file2': 'Rezna ploca sa lancem za sečenje, prosecanje i karving, u ponudi od \n\n● 115 mm. . . . .350 din\n● 125 mm. . . . .440 din\nID Oglasa: #114526565\nPrijavi'}","{'file1': '380 din\nZamena moguća', 'file2': '350 din\nZamena moguća'}",
ID Oglasa: #134132263,Držač za telefon i čašu multifunkcionalni,,,"{'file1': 'Automobili | Oprema\n>\nDržači za mobilne i tablete', 'file2': 'Auto oprema\n>\nDržači za mobilne i tablete'}"
ID Oglasa: #137479410,Set za vadjenje zalomljenih srafova DINGQI,"{'file1': 'Setovi za vadjenje zalomljenih srafova marke DINGQI, u ponudi dva modela,\n  . set 5kom extraktora 3/6_6/8_8/11_11/14_14/18. . . . . . .. .. .. .. .. ..380 din\n\n. set od 6kom extraktora 3/6_6/8_8/11_11/14_14/18_18/25. . . .490 din\nID Oglasa: #137479410\nPrijavi', 'file2': 'Setovi za vadjenje zalomljenih srafova marke DINGQI, u ponudi dva modela,\n  . set 5kom extraktora 3/6_6/8_8/11_11/14_14/18. . . . . . . . . . . . . . . . . .380 din\n\n. set od 6kom extraktora 3/6_6/8_8/11_11/14_14/18_18/25. . . .490 din\nID Oglasa: #137479410\nPrijavi'}",,
ID Oglasa: #169805022,Set alata za skidanje tapacira 4kom,,,"{'file1': 'Automobili | Delovi i alati\n>\nAlati i oprema za autoservise', 'file2': 'Auto delovi i alati\n>\nAlati i oprema za autoservise'}"
ID Oglasa: #135057827,Prenosna prikljucnica 2 i 3 mesta TENPO 16a,"{'file1': 'Prenosna prikljucnica sa dva i tri prikljucna mesta, jacine 16a, idealno za spoljnu upotrebu,\n\n. dvostruka prikljucnica. . . .390din,\n. trostruka prikljucnica. . . . .490din\nID Oglasa: #135057827\nPrijavi', 'file2': 'Prenosna prikljucnica sa tri prikljucna mesta, jacine 16a, idealno za spoljnu upotrebu,\n\n\nID Oglasa: #135057827\nPrijavi'}","{'file1': '390 din\nZamena moguća', 'file2': '550 din\nZamena moguća'}",
ID Oglasa: #94477597,Antena za auto-ravna i kosa,,,"{'file1': 'Automobili | Oprema\n>\nRadio/CD/DVD za auto | Delovi', 'file2': 'Auto oprema\n>\nRadio/CD/DVD za auto | Delovi'}"
ID Oglasa: #144485452,Tester ispitivac za automobile 6v/12v/24v,,,"{'file1': 'Automobili | Delovi i alati\n>\nAlati i oprema za autoservise', 'file2': 'Auto delovi i alati\n>\nAlati i oprema za autoservise'}"
ID Oglasa: #103925302,Termometar ubodni digitalni za hranu i tečnost,,"{'file1': '390 din\nZamena moguća', 'file2': '340 din\nZamena moguća'}",
ID Oglasa: #155973901,Alat za skidanje žabica/tapacira 220mm/300mm,,,"{'file1': 'Automobili | Delovi i alati\n>\nAlati i oprema za autoservise', 'file2': 'Auto delovi i alati\n>\nAlati i oprema za autoservise'}"
ID Oglasa: #158346908,Držači kuke za sedišta/štede prostor u kolima,,,"{'file1': 'Automobili | Oprema\n>\nPatosnice, presvlake i tapacirung', 'file2': 'Auto oprema\n>\nPatosnice, presvlake i tapacirung'}"
ID Oglasa: #163232947,Organizer za auto,,,"{'file1': 'Automobili | Oprema\n>\nDržači za mobilne i tablete', 'file2': 'Auto oprema\n>\nDržači za mobilne i tablete'}"
ID Oglasa: #25292259,Francuski kljuc 200/250/300mm,"{'file1': 'stelujuci kljucevi u tri velicine\nmanji. . . . . . . . 200mmx24mm--------400 din\nsrednji. . . . . . . 250mmx30mm--------500 din\nveliki. . . . . . . . .300mmx36mm--------600 din\n\nID Oglasa: #25292259\nPrijavi', 'file2': 'stelujuci kljucevi u tri velicine\nmanji. . . . . . . . 200 mm x 24 mm--------400 din\nsrednji. . . . . . . 250 mm x 30 mm--------500 din\nveliki. . . . . . . . .300 mm x 36 mm--------600 din \n\nID Oglasa: #25292259\nPrijavi'}",,
ID Oglasa: #75776268,Magnetna posuda 110/150mm,"{'file1': 'Extra magnetne posude sa jakim magnetom zasticenim gumom. . . . u ponudi,\n.110mm. . . . . . . . . . . .400din\n.150mm. . . . . . . . . . . .490din\nVolite da majstorišete oko automobila ali često gubite delove i to one najsitnije. Šrafovi i matice razbacani po podu, nemogućnost pronalaženja istih, nervoza i gubitak vremena. Zaboravite na sve to, jer zahvaljujući posudama sa magnetom svi šrafovi, matice, ekseri i druge sitne alatke biće tu, na dohvat Vaše ruke.\nSa svojim jakim magnetom koji je ugrađen u bazu, posuda privlači i drži male čelične ili metalne delove u mestu. Magnet je toliko jak da ukoliko okrenete posudu naopako, delovi neće ispadati.\nSamo dno posude, tj baza je obložena gumenom pokrivkom kako bi se sprečilo grebanje ili pomeranje posude.\nAluminijumska čelična konstrukcija se može držati na bilo kojoj metalnoj površini, bez brige da će pasti.\nNaše magnetne posude su idealne za svaku radionicu i svakog radoholičara. Bez muke i gubitka vremena, uložite 100% snage i volje u to što radite.\nKarakteristike:\nSav alat na jednom mestu\nMagnetna baza drži šrafove, eksere i matice, čak i ako se okrene naopako\nDno posude je obloženo gumenom pokrivkom\nMaterijal: Aluminijumska čelična konstrukcija\nIdealna za svaku radionicu\nPrečnik 110mm i 150mm\nDubina 2 cm\nID Oglasa: #75776268\nPrijavi', 'file2': 'Extra magnetne posude sa jakim magnetom zasticenim gumom. . . . u ponudi,\n \n● 110 mm. . . . . . . . . . . .400 din\n● 150 mm. . . . . . . . . . . .490 din\n  Volite da majstorišete oko automobila ali često gubite delove i to one najsitnije. Šrafovi i matice razbacani po podu, nemogućnost pronalaženja istih, nervoza i gubitak vremena. Zaboravite na sve to, jer zahvaljujući posudama sa magnetom svi šrafovi, matice, ekseri i druge sitne alatke biće tu, na dohvat Vaše ruke.\nSa svojim jakim magnetom koji je ugrađen u bazu, posuda privlači i drži male čelične ili metalne delove u mestu. Magnet je toliko jak da ukoliko okrenete posudu naopako, delovi neće ispadati.\nSamo dno posude, tj baza je obložena gumenom pokrivkom kako bi se sprečilo grebanje ili pomeranje posude.\nAluminijumska čelična konstrukcija se može držati na bilo kojoj metalnoj površini, bez brige da će pasti.\nNaše magnetne posude su idealne za svaku radionicu i svakog radoholičara. Bez muke i gubitka vremena, uložite 100% snage i volje u to što radite.\nKarakteristike:\nSav alat na jednom mestu\nMagnetna baza drži šrafove, eksere i matice, čak i ako se okrene naopako\nDno posude je obloženo gumenom pokrivkom\nMaterijal: Aluminijumska čelična konstrukcija\nIdealna za svaku radionicu\nPrečnik 110mm i 150mm\nDubina 2 cm\nID Oglasa: #75776268\nPrijavi'}",,"{'file1': 'Automobili | Delovi i alati\n>\nAlati i oprema za autoservise', 'file2': 'Auto delovi i alati\n>\nAlati i oprema za autoservise'}"
ID Oglasa: #88189563,Staklo za plafonjere i lustere,,"{'file1': '400 din\nZamena moguća', 'file2': '600 din\nZamena moguća'}",
ID Oglasa: #134133781,Drzac za telefon teleskopski sa vakumom SLX 1,,,"{'file1': 'Automobili | Oprema\n>\nDržači za mobilne i tablete', 'file2': 'Auto oprema\n>\nDržači za mobilne i tablete'}"
ID Oglasa: #144286553,Zaštita od snega i sunca za auto 150x92cm,,,"{'file1': 'Automobili | Oprema\n>\nKozmetika za auto', 'file2': 'Auto oprema\n>\nKozmetika za auto'}"
ID Oglasa: #146071415,"HEX burgije set 5kom 2,3,4,5,6mm",,"{'file1': '400 din', 'file2': '490 din'}",
ID Oglasa: #150015422,Rotacioni držač telefona sa vakumom S115,,,"{'file1': 'Automobili | Oprema\n>\nDržači za mobilne i tablete', 'file2': 'Auto oprema\n>\nDržači za mobilne i tablete'}"
ID Oglasa: #149231207,Pasta za izolaciju VODOOTPORNA providna 100g/300g,"{'file1': '- 100gr. . . . . .400 din\n- 300gr. . . . . .480 din\n  Pasta za Izolaciju - IzoPaste\nSavršena vodootporna magična pasta za izolaciju predstavlja snažnog izolatora primenjivog na svim, pa čak i na mokrim površinama.\n Nema neugodnih mirisa i ima pigmente protiv žutih fleka.\n Inovativna pasta je napredna pasta koja ne dopušta curenje, efikasna je za zaptivanje i popravku oštećenih površina. To je zaptivač na bazi vode koji se može farbati i može se koristiti za hidroizolaciju velikog broja površina.\n Apsolutno dugotrajna i otporna na sve vrste vremenskih prilika i neprilika što je čini izuzetno praktičnom za korištenje i na spoljnim površinama.\n Lako i trenutno zapečatite i popravite oštećenu površinu. Otporna je na curenje i može se koristiti na mokrim površinama. Sa visokom čvrstoćom vezivanja pogodna je za zaptivanje spojeva, otvora, curenja… pokrivna moć 100gr paste 0.6kv,300gr 2kv. . . .\n  U ponudi,\n  .100g. . . .400din\n  .300g. . . .480din\nID Oglasa: #149231207\nPrijavi', 'file2': '  • 100gr. . . . . .380 din\n  • 300gr. . . . . .420 din\n  • 500gr. . . . . .490 din\n  Pasta za Izolaciju - IzoPaste\nSavršena vodootporna magična pasta za izolaciju predstavlja snažnog izolatora primenjivog na svim, pa čak i na mokrim površinama.\n Nema neugodnih mirisa i ima pigmente protiv žutih fleka.\n Inovativna pasta je napredna pasta koja ne dopušta curenje, efikasna je za zaptivanje i popravku oštećenih površina. To je zaptivač na bazi vode koji se može farbati i može se koristiti za hidroizolaciju velikog broja površina.\n Apsolutno dugotrajna i otporna na sve vrste vremenskih prilika i neprilika što je čini izuzetno praktičnom za korištenje i na spoljnim površinama.\n Lako i trenutno zapečatite i popravite oštećenu površinu. Otporna je na curenje i može se koristiti na mokrim površinama. Sa visokom čvrstoćom vezivanja pogodna je za zaptivanje spojeva, otvora, curenja… pokrivna moć 100gr paste 0.6kv,300gr 2kv. . . .\n   ID Oglasa: #149231207\nPrijavi'}","{'file1': '400 din', 'file2': '380 din'}",
ID Oglasa: #168117131,Žabice/kopče za auto set 100kom,,,"{'file1': 'Automobili | Delovi i alati\n>\nAuto | Razni delovi', 'file2': 'Auto delovi i alati\n>\nAuto | Razni delovi'}"
ID Oglasa: #109963883,Magnetna narukvica za majstore,,"{'file1': '420 din\nZamena moguća', 'file2': '430 din\nZamena moguća'}",
ID Oglasa: #140446171,Auto držač za telefon/navigaciju na retrovizoru 360 stepeni,,"{'file1': '430 din\nZamena moguća', 'file2': '390 din\nZamena moguća'}","{'file1': 'Automobili | Oprema\n>\nDržači za mobilne i tablete', 'file2': 'Auto oprema\n>\nDržači za mobilne i tablete'}"
ID Oglasa: #147690746,Led far radni 27w okrugli,,,"{'file1': 'Automobili | Oprema\n>\nSijalice | LED, diode i trake', 'file2': 'Auto oprema\n>\nSijalice | LED, diode i trake'}"
ID Oglasa: #147690985,Led radni far 27w kockasti,,,"{'file1': 'Automobili | Oprema\n>\nSijalice | LED, diode i trake', 'file2': 'Auto oprema\n>\nSijalice | LED, diode i trake'}"
ID Oglasa: #149147617,Auto drzac za mobilni telefon/navigaciju na retrovizor VIVI,,"{'file1': '430 din', 'file2': '390 din'}","{'file1': 'Automobili | Oprema\n>\nDržači za mobilne i tablete', 'file2': 'Auto oprema\n>\nDržači za mobilne i tablete'}"
ID Oglasa: #81075865,Fantastic 1 pasta za poliranje sa voskom 230g.,,,"{'file1': 'Automobili | Oprema\n>\nKozmetika za auto', 'file2': 'Auto oprema\n>\nKozmetika za auto'}"
ID Oglasa: #140423805,AYXU magicna pena za ciscenje auta i kuće sa cetkom 650ml,"{'file1': 'AYXU foam cleaner pena za čišćenje fleka sa tapacira i sedišta u vozilima. Bez ispiranja. Funkcija penetracije i dekontaminacije. Za čišćenje panela, platna, nameštaja, pločica i metala. Obilno nanošenje otlanja nečistoće i vraća sjaj. Pogodno za korišćenje, neškodljivo i neiritirajuće sredstvo.\nPakovanje: sprej 650 ml\nProizvođač: AYXU\nID Oglasa: #140423805\nPrijavi', 'file2': 'AYXU foam cleaner pena za čišćenje fleka sa tapacira i sedišta u vozilima. Bez ispiranja. Funkcija penetracije i dekontaminacije. Za čišćenje panela, platna, nameštaja, pločica i metala. Obilno nanošenje otlanja nečistoće i vraća sjaj. Pogodno za korišćenje, neškodljivo i neiritirajuće sredstvo.\nPakovanje: sprej 650 ml\nProizvođač: AYXU\nGde sve može da se koristi? Foam cleaner - idealno rešenje za brzo suvo pranje i dezinfekciju svih površina! Efikasno čisti: Unutrašnjost automobila Kućni nameštaj i radne površine Kuhinjske stolice Tepihe, prostirke Prljave cipele i patike Ostale površine\nKako se koristi?\nPriprema površine:  Uklonite vidljive (grube) nečistoće sa površine.\nTestiranje:  Ako je moguće, testirajte na manjoj površini.\nRaspršivanje:  Držeći bocu na udaljenosti, ravnomerno raspršite sprej.\nČišćenje i trljanje:  Koristite meku četku, sunđer ili krpu za ravnomerno raspoređivanje spreja i uklanjanje nečistoć\nOslobađanje od nečistoća:  Pustite penu da deluje, a zatim obrišite površinu suvom krpom.\nPonovno nanošenje:  Po potrebi, ponovite postupak na tvrdokornim mrljama.\nSušenje: Sačekajte da se površina potpuno osuši pre ponovne upotrebe ili dodira.\n ID Oglasa: #140423805\nPrijavi'}",,"{'file1': 'Automobili | Oprema\n>\nKozmetika za auto', 'file2': 'Auto oprema\n>\nKozmetika za auto'}"
ID Oglasa: #144458160,Manometar za gume 12bar duži metalni vrat 120mm,,,"{'file1': 'Automobili | Delovi i alati\n>\nAlati i oprema za autoservise', 'file2': 'Auto delovi i alati\n>\nAlati i oprema za autoservise'}"
ID Oglasa: #17561768,Futer za busilicu1.5/13mm KEYLESS,"{'file1': 'samostezajuci futer za busilicu od 2-13mm, odlican, navoj pola col. . . .\nID Oglasa: #17561768\nPrijavi', 'file2': 'samostezajuci futer za busilicu od 2-13mm, odlican, navoj pola col. . . .\n   NAPOMENA\nna svakom futeru postoji oznaka na kome piše koliki je navoj bušilice i po tome tražite odgovarajući futer\nID Oglasa: #17561768\nPrijavi'}",,
ID Oglasa: #71029434,Svecice za auto BOSNA Super kratak navoj,,,"{'file1': 'Automobili | Delovi i alati\n>\nAuto | Potrošni materijali za servis', 'file2': 'Auto delovi i alati\n>\nAuto | Potrošni materijali za servis'}"
ID Oglasa: #87382580,Termometar ubodni,,"{'file1': '450 din\nZamena moguća', 'file2': '370 din\nZamena moguća'}",
ID Oglasa: #140101441,Ručna pumpa sifon crevo za pretakanje sa ventilom,,"{'file1': '450 din\nZamena moguća', 'file2': '400 din\nZamena moguća'}","{'file1': 'Automobili | Delovi i alati\n>\nAlati i oprema za autoservise', 'file2': 'Auto delovi i alati\n>\nAlati i oprema za autoservise'}"
ID Oglasa: #144458379,Manometar za merenje pritiska u gumama metalni 16bar,,,"{'file1': 'Automobili | Delovi i alati\n>\nAlati i oprema za autoservise', 'file2': 'Auto delovi i alati\n>\nAlati i oprema za autoservise'}"
ID Oglasa: #158706771,Tajmer kuhinjski mehanički 0-60 min KMT Style,"{'file1': 'Kuhinjski pribor za merenje vremena: tajmer je u obliku kuvara, lep i zanimljiv, odnosno tajmer je ujedno i mali ukras na radnoj površini.\nMehanički merač vremena za kuvanje: može se koristiti za merenje vremena za pečenje i kuvanje, merenje vremena dečjih domaćih zadataka, vrieme spavanja, merenje vremena za jogu itd.\nRučni kuhinjski tajmer: može se koristiti za vreme kuvanja ili pečenja, vreme nanošenja maske za lice, vrieme za dečji domaći zadatak, itd.\nMehanički tajmer: jasna kalibracija i jednostavan rad, pogodan za razne prilike, kao što su škola, kuhinja, kancelarija.\nPodsetnik kuhinjskog tajmera: mehanički tajmer na 60 minuta. može se koristiti za kuvanje, sastanke, podučavanje, igre, domaće zadatke itd.\nBoja bela,\nDimenzije: 5.8 x 10.3 cm\nProizvodjač KMT Style\n  NOVO U BLISTER PAKOVANJU\nID Oglasa: #158706771\nPrijavi', 'file2': 'Kuhinjski pribor za merenje vremena: .\nMehanički merač vremena za kuvanje: može se koristiti za merenje vremena za pečenje i kuvanje, merenje vremena dečjih domaćih zadataka, vreme spavanja, merenje vremena za jogu itd.\nRučni kuhinjski tajmer: može se koristiti za vreme kuvanja ili pečenja, vreme nanošenja maske za lice, vreme za dečji domaći zadatak, itd.\nMehanički tajmer: jasna kalibracija i jednostavan rad, pogodan za razne prilike, kao što su škola, kuhinja, kancelarija.\nPodsetnik kuhinjskog tajmera: mehanički tajmer na 60 minuta. može se koristiti za kuvanje, sastanke, podučavanje, igre, domaće zadatke itd.\nBoja bela,\nDimenzije: 6.0 x 6.0 x 2.5 cm\nProizvodjač KMT Style\n  NOVO U BLISTER PAKOVANJU\nID Oglasa: #158706771\nPrijavi'}","{'file1': '450 din', 'file2': '400 din'}",
ID Oglasa: #158717631,Dvokomponentni lepak za metal AB,,,"{'file1': 'Automobili | Delovi i alati\n>\nAuto | Potrošni materijali za servis', 'file2': 'Auto delovi i alati\n>\nAuto | Potrošni materijali za servis'}"
ID Oglasa: #158880223,Čekić sigurnosni za razbijanje stakla u hitnim situacijama,,,"{'file1': 'Automobili | Oprema\n>\nOstalo', 'file2': 'Auto oprema\n>\nOstalo'}"
ID Oglasa: #160621754,Tester antifriza,,,"{'file1': 'Automobili | Oprema\n>\nObavezna oprema', 'file2': 'Auto oprema\n>\nObavezna oprema'}"
ID Oglasa: #161420245,Makaze za lim 250mm,,"{'file1': '450 din', 'file2': '500 din'}",
ID Oglasa: #161490456,Kantica/pumpica za ulje/uljna mazalica 300ml KMT tools,,,"{'file1': 'Automobili | Delovi i alati\n>\nAlati i oprema za autoservise', 'file2': 'Auto delovi i alati\n>\nAlati i oprema za autoservise'}"
ID Oglasa: #164089005,Ručna pumpa sifon za tečnost,,,"{'file1': 'Automobili | Oprema\n>\nObavezna oprema', 'file2': 'Auto oprema\n>\nObavezna oprema'}"
ID Oglasa: #165785633,Glava za trimer AUTOCUT M10x1.25,,"{'file1': '450 din', 'file2': '440 din'}",
ID Oglasa: #168226940,Autoosigurači set sa alatom za postavljanje 1A-30A,,,"{'file1': 'Automobili | Oprema\n>\nObavezna oprema', 'file2': 'Auto oprema\n>\nObavezna oprema'}"
ID Oglasa: #139265790,Set za reparaciju stakla,,,"{'file1': 'Automobili | Delovi i alati\n>\nAuto | Auto stakla', 'file2': 'Auto delovi i alati\n>\nAuto | Auto-stakla'}"
ID Oglasa: #147641499,Led radni far okrugli 42w 12v/24v,,,"{'file1': 'Automobili | Delovi i alati\n>\nAuto | Svetla i signalizacija', 'file2': 'Auto delovi i alati\n>\nAuto | Svetla i signalizacija'}"
ID Oglasa: #147641724,Led far radni 48w 12v/24v,,,"{'file1': 'Automobili | Delovi i alati\n>\nAuto | Svetla i signalizacija', 'file2': 'Auto delovi i alati\n>\nAuto | Svetla i signalizacija'}"
ID Oglasa: #146561655,Zaštitna maska vizir FULL FACE,"{'file1': 'Карактеристике: Свеобухватна заштита:  Као заштитни штит за мушкарце и жене, заштитни штитови за цело лице могу заштитити њихов нос, уста, лице и очи, и имају одређени штит за браду.   Карактеристике маске:  Заштитна маска за цело лице има прозирни ацетатни прозор против магле, који се може природно савијати како би се уклопио у контуру лица, обезбеђујући поуздану превенцију прскања, честица и прскања.  Такође пружа велико видно поље, које може повећати видно поље током рада. Једноставан за употребу: Сигурносна трака за главу и штитник за лице су потпуно састављени.   Безбедан материјал:  Ови штитници за цело лице су направљени од најлона и прозора од прозирног ацетата против магле.  Заштитите се и користите га за грађевинарство, производњу, нафту и гас, прераду метала итд.\n  Широко коришћен:  има широк спектар употреба, погодан за различите намене у индустријском и кућном окружењу, лаган је и удобан. Такође се може користити за бициклизам, салоне и спа професионалце, ресторане и складишта. Спецификација: Материјал: најлон + провидни ацетатни прозор против магле Величина:   Висина: 19 цм Горња ширина: 18 цм Ширина дна: 11 цм Траке: 20 цм\n            Боја: прозирна + црна Пакет укључује: 1 к заштитни штитови за цело лице  1 к траке\nID Oglasa: #146561655\nPrijavi', 'file2': 'Карактеристике: Свеобухватна заштита:  Као заштитни штит за мушкарце и жене, заштитни штитови за цело лице могу заштитити њихов нос, уста, лице и очи, и имају одређени штит за браду.   Карактеристике маске:  Заштитна маска за цело лице има прозирни ацетатни прозор против магле, који се може природно савијати како би се уклопио у контуру лица, обезбеђујући поуздану превенцију прскања, честица и прскања.  Такође пружа велико видно поље, које може повећати видно поље током рада. Једноставан за употребу: Сигурносна трака за главу и штитник за лице су потпуно састављени.   Безбедан материјал:  Ови штитници за цело лице су направљени од прозирног ацетата.  Заштитите се и користите га за грађевинарство, производњу, нафту и гас, прераду метала итд.\n  Широко коришћен:  има широк спектар употреба, погодан за различите намене у индустријском и кућном окружењу, лаган је и удобан. Такође се може користити за бициклизам, салоне и спа професионалце, ресторане и складишта. Спецификација: Материјал: провидни ацетатни прозор против магле Величина:   Висина: 19 цм Горња ширина: 18 цм Ширина дна: 11 цм Траке: 20 цм\n            Боја: прозирна + црна Пакет укључује: 1 к заштитни штитови за цело лице  1 к траке\nID Oglasa: #146561655\nPrijavi'}",,
ID Oglasa: #170077043,"DUNLOP silikonski držač za telefon za biciklu,motor 4""-6""","{'file1': ""silikonski rotirajući DUNLOP - crna\nPredstavljamo vam vrlo koristan gadget zahvaljujući kojem ćete moći koristiti GPS navigaciju i hands-free pozive na svom pametnom telefonu dok vozite bicikl.\nSilikonska ručka odgovara svim upravljačima i izuzetno je jednostavna za ugradnju (nisu potrebni vijci ili alati).\nMeke silikonske ručice neće ogrebati uređaj i pružaju čvrsto i čvrsto držanje tako da ne morate brinuti da ćete izgubiti uređaj tokom vožnje.\nMaterijal:  visokokvalitetni silikon (vrlo izdržljiv, rastezljiv sa memorijom oblika)\nKompatibilan sa većinom pametnih telefona od 4,0' - 6,0'\nZa svaku veličinu upravljača (podesiva stezaljka)\nRotacija za 360 stepeni za maksimalnu udobnost\nNeklizajuća gumena ručka osigurava maksimalnu zaštitu\nOtporan na udarce\nBoja:  crna\nID Oglasa: #170077043\nPrijavi"", 'file2': ""silikonski rotirajući DUNLOP - crna\nPredstavljamo vam vrlo koristan gadget zahvaljujući kojem ćete moći koristiti GPS navigaciju i hands-free pozive na svom pametnom telefonu dok vozite bicikl.\nSilikonska ručka odgovara svim upravljačima i izuzetno je jednostavna za ugradnju (nisu potrebni vijci ili alati).\nMeke silikonske ručice neće ogrebati uređaj i pružaju čvrsto i čvrsto držanje tako da ne morate brinuti da ćete izgubiti uređaj tokom vožnje.\nMaterijal:  visokokvalitetni silikon (vrlo izdržljiv, rastezljiv sa memorijom oblika)\nKompatibilan sa većinom pametnih telefona od 4,0' - 6,0'(10-15cm)\nZa svaku veličinu upravljača (podesiva stezaljka)\nRotacija za 360 stepeni za maksimalnu udobnost\nNeklizajuća gumena ručka osigurava maksimalnu zaštitu\nOtporan na udarce\nBoja:  crna\nID Oglasa: #170077043\nPrijavi""}",,
ID Oglasa: #86162546,Radapciger dvokraki FLET 100mm/150mm/200mm,,,"{'file1': 'Automobili | Delovi i alati\n>\nAlati i oprema za autoservise', 'file2': 'Auto delovi i alati\n>\nAlati i oprema za autoservise'}"
ID Oglasa: #149062289,Sprej za poliranje farova,,,"{'file1': 'Automobili | Oprema\n>\nKozmetika za auto', 'file2': 'Auto oprema\n>\nKozmetika za auto'}"
ID Oglasa: #149666719,Alu glava za trimer PAUK,,"{'file1': '480 din', 'file2': '440 din'}",
ID Oglasa: #110401107,Sekač CU cevi 3-32mm,,"{'file1': '490 din\nZamena moguća', 'file2': '590 din\nZamena moguća'}",
ID Oglasa: #149365219,Sredstvo za sjaj plastike automobila,,,"{'file1': 'Automobili | Oprema\n>\nKozmetika za auto', 'file2': 'Auto oprema\n>\nKozmetika za auto'}"
ID Oglasa: #149962525,Beli marker za gume CARSUN,,,"{'file1': 'Automobili | Oprema\n>\nKozmetika za auto', 'file2': 'Auto oprema\n>\nKozmetika za auto'}"
ID Oglasa: #153014924,Pištolj za topljenje plastike 100w,"{'file1': 'Pistolj za brzo topljenje plastike, jacina 100w, radi na 220v, poseduje indikator rada, ima prekidac on off. .. koristi municiju 11mm koju posebno prodajemo 25din štap\nID Oglasa: #153014924\nPrijavi', 'file2': 'Pistolj za brzo topljenje plastike, jacina 100w, temperatura 300° c, radi na 220v, poseduje indikator rada, ima prekidac on off. . . koristi municiju 11mm koju posebno prodajemo 25din štap\nID Oglasa: #153014924\nPrijavi'}","{'file1': '490 din', 'file2': '600 din'}",
ID Oglasa: #161408662,Alat za skidanje žabica i kopči tapacira za auto 10x250mm,,,"{'file1': 'Automobili | Delovi i alati\n>\nAlati i oprema za autoservise', 'file2': 'Auto delovi i alati\n>\nAlati i oprema za autoservise'}"
ID Oglasa: #167773461,Univerzalni auto držač za mobilne telefone teleskopski,,,"{'file1': 'Automobili | Oprema\n>\nDržači za mobilne i tablete', 'file2': 'Auto oprema\n>\nDržači za mobilne i tablete'}"
ID Oglasa: #132961558,Univerzalni dvostrani ključ 8/22mm,,"{'file1': '500 din\nZamena moguća', 'file2': '380 din\nZamena moguća'}",
ID Oglasa: #149665907,Glava za trimer plavo dugme,,"{'file1': '500 din', 'file2': '490 din'}",
ID Oglasa: #152380306,Radapciger mali 35x45,,,"{'file1': 'Automobili | Delovi i alati\n>\nAlati i oprema za autoservise', 'file2': 'Auto delovi i alati\n>\nAlati i oprema za autoservise'}"
ID Oglasa: #121541484,Vinkla uglomer metalni BLACK,"{'file1': 'Metalne vinkle uglomeri za razlicite namene, u ponudi,\n\n. manji model 18x18.5x26cm, debljina tela vinkle 4mm. . . . . .500 din\n\n. veći model 30x30.5x43cm, debljina tela vinkle 4.5mm. . . .1000 din \nID Oglasa: #121541484\nPrijavi', 'file2': 'Metalne vinkle uglomeri za razlicite namene, u ponudi,\n\n. manji model 18x18.5x26cm, debljina tela vinkle 4mm. . . . . .480 din\n\n. veći model 30x30.5x43cm, debljina tela vinkle 4.5mm. . . .980 din \nID Oglasa: #121541484\nPrijavi'}","{'file1': '500 din\nZamena moguća', 'file2': '480 din\nZamena moguća'}",
ID Oglasa: #167969443,Držač za telefon magnetni teleskopski A15,,,"{'file1': 'Automobili | Oprema\n>\nDržači za mobilne i tablete', 'file2': 'Auto oprema\n>\nDržači za mobilne i tablete'}"
ID Oglasa: #168435110,Radapciger TGR dvokraki FLAT 75mm/100mm/150mm,"{'file1': 'Radapcigeri dvokraki flet metqlni, u ponudi,\n●75mm. .. ..38x65mm. .. ..500 din\n●100mm. ..40x 80mm. .. .600 din\n●150mm. ..55x90mm. .. ..750 din\n  Novo u blister pakovanju\nID Oglasa: #168435110\nPrijavi', 'file2': 'Radapcigeri dvokraki flet metalni, u ponudi,\n  ● 75 mm. . . . .38 x 65 mm. . . . .500 din\n● 100 mm. . . 40 x 80 mm. . . . .600 din\n● 150 mm. . . 55 x 90 mm. . . . .750 din\n  Novo u blister pakovanju\nID Oglasa: #168435110\nPrijavi'}",,
ID Oglasa: #169577561,Scratch-dini vosak za uklanjanje ogrebotina na autu,,,"{'file1': 'Automobili | Oprema\n>\nKozmetika za auto', 'file2': 'Auto oprema\n>\nKozmetika za auto'}"
ID Oglasa: #17470885,Klesta za buksne-stopice,"{'file1': 'jaka i kvalitetna metalna klesta za pravljenje buksni-stopica, za sečenje žica, srske izolovane plastikom, duzina alata 185mm . . .\nID Oglasa: #17470885\nPrijavi', 'file2': 'jaka i kvalitetna metalna klesta za pravljenje buksni-stopica, za sečenje žica, srske izolovane plastikom, duzina alata 185mm . .\n●Multifunkcionalna klešta za buksne, stopice za presovanje za razne priključke.\n●Aplikacija: . neizolovani konektori. izolovani terminali. neizolovani terminali. terminali D-Sub konektoraPresek žice:0,5-4mm2/ AVG 12-20 (neizolovani konektori)0,08-0,14mm2 /AVG 26-28 (D-Sub konektori)0,14-0,34mm2 AVG 22-26 (izolovani terminali)0,5-6mm02-AVG2\n.\nID Oglasa: #17470885\nPrijavi'}",,
ID Oglasa: #42179238,Pneumatski pistolj sa manometrom za pumpanje guma,,,"{'file1': 'Automobili | Delovi i alati\n>\nAlati i oprema za autoservise', 'file2': 'Auto delovi i alati\n>\nAlati i oprema za autoservise'}"
ID Oglasa: #109175741,Pumpa za pretakanje vode za bušilicu,,"{'file1': '540 din\nZamena moguća', 'file2': '530 din\nZamena moguća'}",
ID Oglasa: #142176147,Radapciger trokraki 75/100/150/200/250/300mm,"{'file1': 'Metalni trokraki radapcigeri, u ponudi\n  ● 75mm. . . . . . .540 din\n● 100mm. . . . . .640 din\n● 150mm. .. .. .. .1100 din\n● 200mm. .. .. .. .1400 din\n● 250mm. .. .. .. .1900 din\n● 300mm. .. .. .. .2400 din\nID Oglasa: #142176147\nPrijavi', 'file2': 'Metalni trokraki radapcigeri, u ponudi\n  ● 75mm. . . . . . .540 din\n● 100mm. . . . . .640 din\n● 150mm. . . . . . . .1190 din\n● 200mm. . . . . . . .1590 din\n● 250mm. . . . . . . .1990 din\n● 300mm. .. .. .. .. .2490 din\n ID Oglasa: #142176147\nPrijavi'}",,
ID Oglasa: #134706577,"Alarm pokreta,bezicno zvono,PIR senzor","{'file1': 'Ово бежично звоно је идеално за употребу у продавницама, радионицама или складиштима за уграђени сензор покрета који ће сигнализирати када детектује кретање.  ПОВЕЋАЈТЕ СИГУРНОСТ.  Детектор покрета високе осетљивости вас упозорава када се неко приближи вашим вратима.  ИИ▻Аларм са сензором покрета, бежичним детектором звона Аларм или звоно на даљинском систему детектора покрета\nID Oglasa: #134706577\nPrijavi', 'file2': 'BATERIJE GRATIS\n  Ово бежично звоно је идеално за употребу у продавницама, радионицама или складиштима за уграђени сензор покрета који ће сигнализирати када детектује кретање.  ПОВЕЋАЈТЕ СИГУРНОСТ.  Детектор покрета високе осетљивости вас упозорава када се неко приближи вашим вратима.  ИИ▻Аларм са сензором покрета, бежичним детектором звона Аларм или звоно на даљинском систему детектора покрета\nID Oglasa: #134706577\nPrijavi'}","{'file1': '550 din\nZamena moguća', 'file2': '600 din\nZamena moguća'}",
ID Oglasa: #99436633,"Pistolj za plastiku DINGQI 20w,60w,100w","{'file1': 'Kvalitetni pistolji za topljenje plastike sa prekidacem i indikacijom rada, u ponudi \n20w(7.2mm stap). .. ..550din\n60w(11mm stap). .. ..650din\n100w(11mm stap). ..800din\n\n\nID Oglasa: #99436633\nPrijavi', 'file2': 'Kvalitetni pistolji za topljenje plastike sa prekidacem i indikacijom rada, u ponudi,\n \n● 20w (7.2mm stap). . . . .600din\n● 60w (11mm stap). . . . .700din\n● 100w (11mm stap). . . .900din\n\n\nID Oglasa: #99436633\nPrijavi'}","{'file1': '550 din\nZamena moguća', 'file2': '600 din\nZamena moguća'}",
ID Oglasa: #129910094,Produzni kabl 3rupe 2m/3m/5m 3x1.5mm kabl 3000w,"{'file1': 'Produzni kablovi domaće proizvodnje, jacina 3000w, moze za velike potrošače, kabl domaći 3x1.5mm, u ponudi,\n.3 prikljucnice 2metra. .. .. .550din\n.3 prikljucnice 3metra. .. .. .650din\n.3 prikljucnice 5metra. .. .. .750din\nID Oglasa: #129910094\nPrijavi', 'file2': 'Produzni kablovi domaće proizvodnje, jacina 3000w, moze za velike potrošače, kabl domaći 3x1.5mm, u ponudi,\n.3 prikljucnice 2metra. . . . . .550din\n.3 prikljucnice 3metra. . . . . .650din\n.3 prikljucnice 5metra. . . . . .750din\nID Oglasa: #129910094\nPrijavi'}",,
ID Oglasa: #142640636,Brener ručni elektronski,"{'file1': 'Brener rucni elektronski, u ponudi i butan gas bocom od 227g. . . . izmenjiva boca,\n● brener 550 din\n● butan boca 227g 400 din\nID Oglasa: #142640636\nPrijavi', 'file2': 'Brener rucni elektronski, u ponudi i butan gas bocom od 227g. . . . izmenjiva boca,\n● brener 500 din\n● butan boca 227g 400 din\nID Oglasa: #142640636\nPrijavi'}","{'file1': '550 din', 'file2': '490 din'}",
ID Oglasa: #121415561,"Pumpa za pretakanje iz flaše/ulja u menjač,diferencijal itd",,,"{'file1': 'Automobili | Delovi i alati\n>\nAlati i oprema za autoservise', 'file2': 'Auto delovi i alati\n>\nAlati i oprema za autoservise'}"
ID Oglasa: #149617366,Zaštitni vizir SLX pro,,"{'file1': '580 din', 'file2': '440 din'}",
ID Oglasa: #52554343,Solarna punjiva led lampa sa USBom,,"{'file1': '580 din', 'file2': '480 din'}",
ID Oglasa: #146911957,"Auto led ambijentalno osvetljenje 3m ICE BLUE,BLUE,RED",,,"{'file1': 'Automobili | Oprema\n>\nSijalice | LED, diode i trake', 'file2': 'Auto oprema\n>\nSijalice | LED, diode i trake'}"
ID Oglasa: #151202494,Glava za trimer 6 noževa NINJA BLADE,,"{'file1': '580 din', 'file2': '480 din'}",
ID Oglasa: #140357806,Vodootporna butil alu traka 10cm/5m,"{'file1': 'Водонепропусна бутил трака величина и материјал: дужина: 5м, ширина: 10 цм. подлога од алуминијумске фолије, бутил гума. са водоотпорном функцијом, наша водонепропусна трака може ефикасно зауставити цурење. широка примена: погодно за пропуштање кровова, заптивање прозора, тенде за РВ, олуке, изливнике, чамце, лична пловила, кануе, опрему на отвореном, мобилне кућице, РВ и кампере, пвц и водоводне цеви, системе за прскање, врата, зидове, шавове, вентилациони отвори, ваздушни канали, системи за климатизацију, дии пројекти, итд. трајна и трајна употреба: слојеви отпорни на хабање, неклизајући и издржљиви. може одржати флексибилност и приањање, издржати одређени степен померања и деформације. стопа истезања од 1000%, отпорност на старење 30 година. једноставан за употребу: пре него што причврстите траку, држите циљну површину чистом, сувом и без уља.\nID Oglasa: #140357806\nPrijavi', 'file2': 'U ponudi\n●  5 cm širina - 5 metra. . . . . .370 din\n●  10 cm širina - 5 metra. . . . .530 din\n\nSamolepljiva traka,   otporna na visoke temperature idealna  za popravku zidnih krovnih cevi. .\nMogu da formiraju trenutno zaptivanje protiv vode, vazduha ili prašine i ostaju trajno meke.\n\nZaptivna traka je vodootporna, nepropusna za difuziju, otporna na ulje i vodu, samolepljiva, trajno elastična, otporna na zapreminu, otporna na UV zračenje\n\nButil traka sa snagom na smicanje: 43 N/cm2, čvrstoća lepljenja: 50 N/25 mm, izduženje 9%. Otpornost na temperaturu: -40° C do +80° C, najbolja adhezija na >15° C\nTraka je npr. pogodna za zaptivanje oluka, fasada, kao zaptivanje npr. za prozore, kamp prikolice, krovove\nButil lepljiva traka lepi na mnoge različite površine, na primer staklo, beton, metal, plastiku, drvo, kamen i bitumen\nID Oglasa: #140357806\nPrijavi'}","{'file1': '590 din\nZamena moguća', 'file2': '370 din\nZamena moguća'}",
ID Oglasa: #157508923,Led lampa za glavu FLEXI senzor,,"{'file1': '590 din', 'file2': '550 din'}",
ID Oglasa: #67104658,Eida EI tastatura veš mašine NOVO,"{'file1': 'NOVO NOVO NOVO\n\ntastatura veš mašine EI EIDA. . . .   garancija na tastaturu godinu dana\nID Oglasa: #67104658\nPrijavi', 'file2': 'NOVO NOVO NOVO\n\ntastatura veš mašine EI EIDA. . . .   \nID Oglasa: #67104658\nPrijavi'}","{'file1': '600 din\nZamena moguća', 'file2': '700 din'}",
ID Oglasa: #142174109,Zice spajalice za lemljenje/varenje plastike 500kom 4 modela,"{'file1': 'Set spajalica od 500kom za pistolj za varenje plastike. . .4 modela u ponudi, navedite koji model želite. . . . CENA PO JEDNOM PAKETU, ne prodajemo na komad. .. .. model 1 i 2 nema trenutno\nID Oglasa: #142174109\nPrijavi', 'file2': 'Set spajalica od 500kom za pistolj za varenje plastike. . .4 modela u ponudi, navedite koji model želite. . . . CENA PO JEDNOM PAKETU, ne prodajemo na komad. . . . . model 1 i 2 nema trenutno\nID Oglasa: #142174109\nPrijavi'}","{'file1': '600 din', 'file2': '580 din'}",
ID Oglasa: #168121823,Stepen ključ 1/2col 360 stepeni,,,"{'file1': 'Automobili | Delovi i alati\n>\nAlati i oprema za autoservise', 'file2': 'Auto delovi i alati\n>\nAlati i oprema za autoservise'}"
ID Oglasa: #43147425,Alat kljuc za skidanje i namestanje filtera ulja 63-110mm,,"{'file1': '640 din\nZamena moguća', 'file2': '640 din'}","{'file1': 'Automobili | Delovi i alati\n>\nAlati i oprema za autoservise', 'file2': 'Auto delovi i alati\n>\nAlati i oprema za autoservise'}"
ID Oglasa: #60318606,"Set kruna za busenje drveta,knaufa,gipsa 19-127",,"{'file1': '650 din\nZamena moguća', 'file2': '550 din\nZamena moguća'}",
ID Oglasa: #120271567,Glava za trimer samonamotavajući automatik M10x1.25 levi,,"{'file1': '650 din\nZamena moguća', 'file2': '590 din\nZamena moguća'}",
ID Oglasa: #158449111,Čelična žičana glava za trimer 150mm/200mm,"{'file1': 'Čelična četka za trimer;\n\nPrečnik centralnog otvora 25,4mm;\nGlava za trimer sa čeličnom četkom sa kojom možete brzo i efikasno uklanjati travu, rastinje, uporan korov, mahovinu i male biljke koje rastu između ploča na stazi. Efikasno uklanja fleke i čisti behaton ploče.\nU ponudi dva modela\n● 6"" - 150mm. . . .650 din\n● 8"" - 200 mm. . .750 din\nID Oglasa: #158449111\nPrijavi', 'file2': 'Čelična četka za trimer;\n\nPrečnik centralnog otvora 25,4mm;\nGlava za trimer sa čeličnom četkom sa kojom možete brzo i efikasno uklanjati travu, rastinje, uporan korov, mahovinu i male biljke koje rastu između ploča na stazi. Efikasno uklanja fleke i čisti behaton ploče.\nU ponudi dva modela\n● 6"" - 150mm. . . .630 din\n● 8"" - 200 mm. . .730 din\nID Oglasa: #158449111\nPrijavi'}","{'file1': '650 din', 'file2': '630 din'}",
ID Oglasa: #167015831,Punjiva LED radna lampa fleksi sa magnetom,,,"{'file1': 'Automobili | Delovi i alati\n>\nAlati i oprema za autoservise', 'file2': 'Auto delovi i alati\n>\nAlati i oprema za autoservise'}"
ID Oglasa: #168122605,Šelne za karike-3 veličine,,,"{'file1': 'Automobili | Delovi i alati\n>\nAlati i oprema za autoservise', 'file2': 'Auto delovi i alati\n>\nAlati i oprema za autoservise'}"
ID Oglasa: #83018180,Pistolj za pur penu PRO metalni/tip 2,,"{'file1': '680 din\nZamena moguća', 'file2': '730 din\nZamena moguća'}",
ID Oglasa: #119186669,Glava za trimer sa lancem M10 levi navoj,,"{'file1': '690 din\nZamena moguća', 'file2': '590 din\nZamena moguća'}",
ID Oglasa: #141100701,Pistolj za pur penu METALNI tip 3,"{'file1': 'Pistolj za pur penu, metalni komplet, duzina 320mm\nID Oglasa: #141100701\nPrijavi', 'file2': 'Pistolj za pur penu, metalni, duzina 320mm\nID Oglasa: #141100701\nPrijavi'}","{'file1': '690 din\nZamena moguća', 'file2': '750 din\nZamena moguća'}",
ID Oglasa: #156365402,Nivelatori za keramiku/pločice set 50kom plus zavijač,,"{'file1': '690 din', 'file2': '680 din'}",
ID Oglasa: #125768165,"Vezice za sneg 14""/19"" NIKEN 10kom",,,"{'file1': 'Automobili | Oprema\n>\nLanci za sneg', 'file2': 'Auto oprema\n>\nLanci za sneg'}"
ID Oglasa: #129230611,Kutija za odlaganje sitnica izmedju sedišta sa 2USB porta,,,"{'file1': 'Automobili | Oprema\n>\nOstalo', 'file2': 'Auto oprema\n>\nOstalo'}"
ID Oglasa: #149963048,Prikljucak za trimer/kopačica tarup glava za trimer,,"{'file1': '750 din', 'file2': '490 din'}",
ID Oglasa: #116315370,Torba za gepek 3u1,,,"{'file1': 'Automobili | Oprema\n>\nKozmetika za auto', 'file2': 'Auto oprema\n>\nKozmetika za auto'}"
ID Oglasa: #155668279,Ključ za točkove teleskopski 17/19/21/23,,,"{'file1': 'Automobili | Oprema\n>\nObavezna oprema', 'file2': 'Auto oprema\n>\nObavezna oprema'}"
ID Oglasa: #64837160,Set glodala za drvo KLAP ŠARKE,,"{'file1': '850 din\nZamena moguća', 'file2': '900 din\nZamena moguća'}",
ID Oglasa: #149667571,Drzac stalak za mikrofon/teleskopski,,,"{'file1': 'Muzika i instrumenti\n>\nMikrofoni | Oprema i delovi', 'file2': 'Muzički instrumenti\n>\nMikrofoni | Oprema i delovi'}"
ID Oglasa: #143267010,Vezice za sneg 10kom,,,"{'file1': 'Automobili | Oprema\n>\nLanci za sneg', 'file2': 'Auto oprema\n>\nLanci za sneg'}"
ID Oglasa: #151621493,Klešta za spojke creva goriva na automobilima,,,"{'file1': 'Automobili | Delovi i alati\n>\nAlati i oprema za autoservise', 'file2': 'Auto delovi i alati\n>\nAlati i oprema za autoservise'}"
ID Oglasa: #17619925,"Lupa sa postoljem,treca ruka i nosac lemilice SLX1",,"{'file1': '900 din\nZamena moguća', 'file2': '850 din\nZamena moguća'}",
ID Oglasa: #157813476,Alat za vraćanje kočionih klipova/cilindara,,,"{'file1': 'Automobili | Delovi i alati\n>\nAlati i oprema za autoservise', 'file2': 'Auto delovi i alati\n>\nAlati i oprema za autoservise'}"
ID Oglasa: #126319568,Unimer digitalni VC9205N,"{'file1': 'DC Jednosmerni napon   - 200mV , 2V , 20V , 200V , 1000V    \nAC Naizmenični napon   -  2V , 20V , 200V , 750V    \nDC Jednosmerna struja   - 20mA , 2mA , 200mA , 20A    \nC Naizmenicna struja   -  2mA , 200mA , 20A    \nOhm-metar   - 200 , 2k , 20k , 200k , 2M , 20M   +   Buzer Dioda test    \nKapacitet   -  20nF , 2m\x1aF , 20m\x1aF , 200m\x1aF    \nhFE   -   pojacanje poluprovodnika NPN i PNP\ntest dioda\nhfE test\nzujalica\nauto iskljucenje    \nindikacija istrosenosti baterije\nzastita od preopterecenja    \ndigitalni LCD prikaz\nampermetar, voltmetar, ohmmetar\nID Oglasa: #126319568\nPrijavi', 'file2': 'REMgSmVkbm9zbWVybmkgbmFwb24gICAtIDIwMG1WICwgMlYgLCAyMFYgLCAyMDBWICwgMTAwMFYgICAgCkFDIE5haXptZW5pxI1uaSBuYXBvbiAgIC0gIDJWICwgMjBWICwgMjAwViAsIDc1MFYgICAgCkRDIEplZG5vc21lcm5hIHN0cnVqYSAgIC0gMjBtQSAsIDJtQSAsIDIwMG1BICwgMjBBICAgIApDIE5haXptZW5pY25hIHN0cnVqYSAgIC0gIDJtQSAsIDIwMG1BICwgMjBBICAgIApPaG0tbWV0YXIgICAtIDIwMCAsIDJrICwgMjBrICwgMjAwayAsIDJNICwgMjBNICAgKyAgIEJ1emVyIERpb2RhIHRlc3QgICAgCkthcGFjaXRldCAgIC0gIDIwbkYgLCAybRpGICwgMjBtGkYgLCAyMDBtGkYgICAgCmhGRSAgIC0gICBwb2phY2FuamUgcG9sdXByb3ZvZG5pa2EgTlBOIGkgUE5QCnRlc3QgZGlvZGEKaGZFIHRlc3QKenVqYWxpY2EKYXV0byBpc2tsanVjZW5qZSAgICAKaW5kaWthY2lqYSBpc3Ryb3Nlbm9zdGkgYmF0ZXJpamUKemFzdGl0YSBvZCBwcmVvcHRlcmVjZW5qYSAgICAKZGlnaXRhbG5pIExDRCBwcmlrYXoKYW1wZXJtZXRhciwgdm9sdG1ldGFyLCBvaG1tZXRhcgpJRCBPZ2xhc2E6ICMxMjYzMTk1NjgKUHJpamF2aQ=='}",,
ID Oglasa: #125529065,Zeger klesta set 4kom DINGQI 180mm,,"{'file1': '990 din\nZamena moguća', 'file2': '880 din\nZamena moguća'}",
ID Oglasa: #126456115,Digitalni multimetar/unimer VC9208N sonda,"{'file1': 'Jedan od najboljih unimera u ponudi.  \n\n- Sam unimer je izradjen od tvrde crne plastike. - Ekran na unimeru je LCD.  \n- Unimer se sam isključuje posle nekog vremena, ako nije u upotrebi, time štedeći bateriju.  \n- Unimer poseduje osigurac protiv pregorevanja u slucaju odabira pogrešnog mernog domašaja. To znaci da, ako merite 220 V na domašaju do 20 V, unimer nece pregoreti, ali hoce jeftini osigurac.  \n- Uredaj se napaja jednom baterijom od 9 V (ukljuceno u pakovanje).  \n\nUredaj služi za merenje:  \n\n- TEMPERATURE (od -40 do 1.000 stepeni celzijusa)\n- ispravnosti PNP i NPN tranzistora\n- elektricne otpornosti (do 200 megaoma)\n- elektricne kapacitivnosti (do 2 nanofarada)\n- jednosmernog elektricnog napona (do 1.000 V)\n- naizmenicnog elektricnog napona (do 750 V, 40 ~ 400 Hz)\n- jednosmerne elektricne struje (do 20 A)\n- naizmenicne elektricne struje (do 20 A, 40 ~ 400 Hz)\n- frekvencije naizmenicnih elektricnih velicina\nKomplet sadrži:  \nVC9208N x1\nPipalice x 1\nTermo sonda x 1\nUgradjena Baterija x1\nUputstvo na engleskom x1\nID Oglasa: #126456115\nPrijavi', 'file2': 'Sam unimer je izradjen od tvrde crne plastike. - Ekran na unimeru je LCD.  \n- Unimer se sam isključuje posle nekog vremena, ako nije u upotrebi, time štedeći bateriju.  \n- Unimer poseduje osigurac protiv pregorevanja u slucaju odabira pogrešnog mernog domašaja. To znaci da, ako merite 220 V na domašaju do 20 V, unimer nece pregoreti, ali hoce jeftini osigurac.  \n- Uredaj se napaja jednom baterijom od 9 V (ukljuceno u pakovanje).  \n\nUredaj služi za merenje:  \n\n- TEMPERATURE (od -40 do 1.000 stepeni celzijusa)\n- ispravnosti PNP i NPN tranzistora\n- elektricne otpornosti (do 200 megaoma)\n- elektricne kapacitivnosti (do 2 nanofarada)\n- jednosmernog elektricnog napona (do 1.000 V)\n- naizmenicnog elektricnog napona (do 750 V, 40 ~ 400 Hz)\n- jednosmerne elektricne struje (do 20 A)\n- naizmenicne elektricne struje (do 20 A, 40 ~ 400 Hz)\n- frekvencije naizmenicnih elektricnih velicina\nKomplet sadrži:  \nVC9208N x1\nPipalice x 1\nTermo sonda x 1\nUgradjena Baterija x1\nUputstvo na engleskom x1\nID Oglasa: #126456115\nPrijavi'}","{'file1': '990 din\nZamena moguća', 'file2': '1.200 din\nZamena moguća'}",
ID Oglasa: #161050503,"Radapciger za izvlacenje spona,jabučica",,,"{'file1': 'Automobili | Delovi i alati\n>\nAlati i oprema za autoservise', 'file2': 'Auto delovi i alati\n>\nAlati i oprema za autoservise'}"
ID Oglasa: #153027674,Nastavak za bušilicu za sečenje/rezanje lima,"{'file1': 'U potrazi ste za efikasnim i preciznim alatom za rezanje lima? Naš Nastavak za bušilicu za rezanje lima je idealno rješenje za vaše potrebe. Bez obzira da li se bavite metalurgijom, zanatskim radom ili vam je jednostavno potreban praktičan alat za rezanje lima, naš nastavak će vas oduševiti.\nNastavak je dizajniran za jednostavnu montažu na vašu bušilicu i omogućava vam precizno i brzo rezanje lima. Izrađen od visokokvalitetnih materijala, naš nastavak je izuzetno izdržljiv i pouzdan, osiguravajući dugotrajnu upotrebu.\nSa našim nastavkom za bušilicu, možete rezati različite vrste lima bez napora. Bilo da se radi o tankom ili debljem limu, naš alat će vam omogućiti glatko i precizno rezanje. Ne samo da ćete uštedjeti vrijeme, već ćete dobiti i profesionalne rezultate.\nNaš nastavak je praktičan i jednostavan za korištenje. Samo ga pričvrstite na bušilicu, odaberite željeno mjesto rezanja i započnite sa sigurnim i efikasnim rezanjem lima. Bez obzira da li se radi o profesionalnom radu ili kućnim popravkama, naš nastavak će vam olakšati posao.\nNaručite naš Nastavak za bušilicu za rezanje lima i iskusite njegovu snagu i preciznost. Uz naš alat, rezanje lima će postati jednostavno i efikasno, bez obzira na vaše potrebe.\nID Oglasa: #153027674\nPrijavi', 'file2': 'U potrazi ste za efikasnim i preciznim alatom za rezanje lima? Naš Nastavak za bušilicu za rezanje lima je idealno rješenje za vaše potrebe. Bez obzira da li se bavite metalurgijom, zanatskim radom ili vam je jednostavno potreban praktičan alat za rezanje lima, naš nastavak će vas oduševiti.\nNastavak je dizajniran za jednostavnu montažu na vašu bušilicu i omogućava vam precizno i brzo rezanje lima. Izrađen od visokokvalitetnih materijala, naš nastavak je izuzetno izdržljiv i pouzdan, osiguravajući dugotrajnu upotrebu.\nSa našim nastavkom za bušilicu, možete rezati različite vrste lima bez napora. Bilo da se radi o tankom ili debljem limu, naš alat će vam omogućiti glatko i precizno rezanje. Ne samo da ćete uštedjeti vrijeme, već ćete dobiti i profesionalne rezultate.\nNaš nastavak je praktičan i jednostavan za korištenje. Samo ga pričvrstite na bušilicu, odaberite željeno mjesto rezanja i započnite sa sigurnim i efikasnim rezanjem lima. Bez obzira da li se radi o profesionalnom radu ili kućnim popravkama, naš nastavak će vam olakšati posao.\nNaručite naš Nastavak za bušilicu za rezanje lima i iskusite njegovu snagu i preciznost. Uz naš alat, rezanje lima će postati jednostavno i efikasno, bez obzira na vaše potrebe. Seče lim do 1.5mm\nID Oglasa: #153027674\nPrijavi'}","{'file1': '1.000 din', 'file2': '950 din'}",
ID Oglasa: #168090066,Žabice za tapacirung sa setom za skidanje 229kom,,,"{'file1': 'Automobili | Oprema\n>\nPatosnice, presvlake i tapacirung', 'file2': 'Auto oprema\n>\nPatosnice, presvlake i tapacirung'}"
ID Oglasa: #86027527,Prva pomoć Galenika 5.2029 NAJNOVIJA,,"{'file1': '1.100 din', 'file2': '980 din'}","{'file1': 'Automobili | Oprema\n>\nObavezna oprema', 'file2': 'Auto oprema\n>\nObavezna oprema'}"
ID Oglasa: #41203273,Kandze za sabijanje opruga set 2 komada,,,"{'file1': 'Automobili | Delovi i alati\n>\nAlati i oprema za autoservise', 'file2': 'Auto delovi i alati\n>\nAlati i oprema za autoservise'}"
ID Oglasa: #130236671,"Set 19 alata za skidanje žabica,auto radija CD,lajsni itd",,,"{'file1': 'Automobili | Oprema\n>\nRadio/CD/DVD za auto | Delovi', 'file2': 'Auto oprema\n>\nRadio/CD/DVD za auto | Delovi'}"
ID Oglasa: #137733830,Set burgija 99komada u koferu6 1.5-10mm,,"{'file1': '1.400 din\nZamena moguća', 'file2': '1.380 din\nZamena moguća'}",
ID Oglasa: #144516945,Frezeri/glodala za drvo set 15kom/prihvat 6mm,,"{'file1': '1.450 din', 'file2': '1.550 din'}",
ID Oglasa: #152894907,Alat za popravku i odrzavanje satova 24kom,,"{'file1': '1.500 din', 'file2': '1.380 din'}",
ID Oglasa: #171006073,Set za preživljavanje SURVIVAL KIT,,"{'file1': '1.600 din', 'file2': '1.550 din'}",
ID Oglasa: #105940016,Diht traka za prozore gumirana tip D 50/100m/1700din/kotur,"{'file1': 'Dimenzija trake :\nŠirina 9mm x Debljina 7.5mm\nCena trake data za 1 dupli metar ( 1 m =2 m trake)\nKada poručujete imajte na umu da poručivanjem 50m dobijate dupliranu traku koju razdvajanjem dobijate 100m\n\nCENA ZA PAKOVANJE 50m. . . . .1700din\nNe prodajemo na metar, iskljucivo u pakovanju 50m\n\n\nNA STANJU BRAON i BELA BOJA\nID Oglasa: #105940016\nPrijavi', 'file2': 'Dimenzija trake :\nŠirina 9mm x Debljina 7.5mm\nCena trake data za 1 dupli metar ( 1 m =2 m trake)\nKada poručujete imajte na umu da poručivanjem 50m dobijate dupliranu traku koju razdvajanjem dobijate 100m\n\nCENA ZA PAKOVANJE 50m. . . . .1850din\nNe prodajemo na metar, iskljucivo u pakovanju 50m\n\n\nNA STANJU BRAON i BELA BOJA\nID Oglasa: #105940016\nPrijavi'}","{'file1': '1.700 din\nZamena moguća', 'file2': '1.850 din\nZamena moguća'}",
ID Oglasa: #156512361,Kopče za auto tapacirung set 240kom,,,"{'file1': 'Automobili | Oprema\n>\nPatosnice, presvlake i tapacirung', 'file2': 'Auto oprema\n>\nPatosnice, presvlake i tapacirung'}"
ID Oglasa: #137729788,Pistolj lemilica 50w za varenje plastike+200kom uložaka,"{'file1': 'Radi na principu zagrevanja metalnih spajalica koje se vare u polomljenu plastiku i time stvaraju čvršću vezu.\nMože se koristiti za popravku bilo kakvih plastičnih proizvoda u svakodnevom životu.   Pogodno za popravku i jačanje svih plastičnih delova automobila, kao što su branici, instrument tabla. .\nJednostavan za korišćenje i lak za upotrebu.\n● Ulazni napon : 220V ~ 50/60H\n● Izlazna struja : 0-15A\n● Jacina 50w\nU setu se nalazi : -pistolj-secice-skalpel-patrone 4 vrste po 50kom\n\nNovo u fabrickom pakovanju.\n  Posebno žice 500kom. . . . . .600din\nID Oglasa: #137729788\nPrijavi', 'file2': 'U PONUDI DVE JAČINE\n● 50W (500° c) . . . . . .1640 din\n● 80W (600° c). . . . . .1940 din\n  Radi na principu zagrevanja metalnih spajalica koje se vare u polomljenu plastiku i time stvaraju čvršću vezu.  \nMože se koristiti za popravku bilo kakvih plastičnih proizvoda u svakodnevom životu.   Pogodno za popravku i jačanje svih plastičnih delova automobila, kao što su branici, instrument tabla. .\nJednostavan za korišćenje i lak za upotrebu.\n● Ulazni napon : 220V ~ 50/60H\n● Izlazna struja : 0-15A\n● Jacina 50w ili 80w\nU setu se nalazi : -pistolj-secice-skalpel-patrone 4 vrste po 50kom\n\nNovo u fabrickom pakovanju.\n  Posebno žice 500 kom. . . . . .580 din\nID Oglasa: #137729788\nPrijavi'}","{'file1': '1.700 din\nZamena moguća', 'file2': '1.640 din\nZamena moguća'}",
ID Oglasa: #155975584,Alat za ispravljanje peglanje limarije/ulubljenja na autu,,,"{'file1': 'Automobili | Delovi i alati\n>\nAlati i oprema za autoservise', 'file2': 'Auto delovi i alati\n>\nAlati i oprema za autoservise'}"
ID Oglasa: #164914617,Set za skidanje matica leve burgije za matice i glave šrafa,,"{'file1': '2.000 din', 'file2': '1.650 din'}",
ID Oglasa: #158628441,Prva pomoć set obavezne opreme 9.2028,,,"{'file1': 'Automobili | Oprema\n>\nObavezna oprema', 'file2': 'Auto oprema\n>\nObavezna oprema'}"
ID Oglasa: #67978645,Termostat za mermerni radijator,,"{'file1': '20 €\nZamena moguća', 'file2': '2.800 din'}",
ID Oglasa: #163707827,Polirka DeWALT 700w mašina za poliranje sa potenciometrom,,"{'file1': '2.390 din', 'file2': '2.350 din'}",
ID Oglasa: #147030386,Pumpa ručna za izvlačenje tečnosti-ulja i vode 1.5l,,,"{'file1': 'Automobili | Delovi i alati\n>\nAlati i oprema za autoservise', 'file2': 'Auto delovi i alati\n>\nAlati i oprema za autoservise'}"
ID Oglasa: #80787689,MAKITA biaks čeona brusilica set,,"{'file1': '3.300 din\nZamena moguća', 'file2': '2.980 din\nZamena moguća'}",
ID Oglasa: #170964321,Set torex gedora 26kom m5/m16,,,"{'file1': 'Automobili | Delovi i alati\n>\nAlati i oprema za autoservise', 'file2': 'Auto delovi i alati\n>\nAlati i oprema za autoservise'}"
ID Oglasa: #170976269,Set alata za vadjenje ostecenih matica i vijaka,,"{'file1': '3.450 din', 'file2': '3.430 din'}",
ID Oglasa: #170653818,Set za skidanje zalomljenih šrafova i matica sa sekačem 28k,,,"{'file1': 'Automobili | Delovi i alati\n>\nAlati i oprema za autoservise', 'file2': 'Auto delovi i alati\n>\nAlati i oprema za autoservise'}"
ID Oglasa: #170961270,Set za skidanje filtera ulja 23 delova,,"{'file1': '3.600 din', 'file2': '3.400 din'}","{'file1': 'Automobili | Delovi i alati\n>\nAlati i oprema za autoservise', 'file2': 'Auto delovi i alati\n>\nAlati i oprema za autoservise'}"
ID Oglasa: #170963740,Klesta za šelne set 9kom,,"{'file1': '3.700 din', 'file2': '3.400 din'}","{'file1': 'Automobili | Delovi i alati\n>\nAlati i oprema za autoservise', 'file2': 'Auto delovi i alati\n>\nAlati i oprema za autoservise'}"
ID Oglasa: #170961757,Alat/set za merenje kompresije za dizel motore,,,"{'file1': 'Automobili | Delovi i alati\n>\nAlati i oprema za autoservise', 'file2': 'Auto delovi i alati\n>\nAlati i oprema za autoservise'}"
ID Oglasa: #52541781,Felne BMW 15incha 6.5jx15 72.6 dia IS42 cena za sve 4,,,"{'file1': 'Automobili | Delovi i alati\n>\nAuto | Felne', 'file2': 'Auto delovi i alati\n>\nAuto | Felne'}"
ID Oglasa: #52845461,BMW 15ica centralna 72.6mm ZAMENA ZA FELNE PUNTO,,,"{'file1': 'Automobili | Delovi i alati\n>\nAuto | Felne', 'file2': 'Auto delovi i alati\n>\nAuto | Felne'}"
